Timestamp,Numero Timestamp,Indice,Media (°C),Mediana (°C),95° Perc. (°C),99° Perc. (°C),Massimo (°C),Soglia (°C),Media > Soglia,Mediana > Soglia,95° Perc. > Soglia,99° Perc. > Soglia,Massimo > Soglia,Data
2023-07-17T15:00:00.000000000,23465,Heat Index,33.82831954956055,34.41664505004883,41.74623184204101,42.626287651062015,44.10075378417969,40.6,no,no,si,si,si,2023-07-17
2023-07-17T15:00:00.000000000,23465,Humidex,35.14013671875,38.01991653442383,44.736755752563475,45.632275047302244,47.16594314575195,45.0,no,no,no,si,si,2023-07-17
2023-07-17T15:00:00.000000000,23465,Lethal Heat Stress Index,23.34577178955078,24.783620834350586,27.67483606338501,28.11603048324585,29.107450485229492,27.0,no,no,si,si,si,2023-07-17
2023-07-17T15:00:00.000000000,23465,UTCI,34.94303512573242,36.61151885986328,44.44307956695557,45.058379287719724,46.14048385620117,46.0,no,no,no,no,si,2023-07-17
2023-07-17T15:00:00.000000000,23465,WBGT,23.572853088378906,25.402393341064453,28.850944900512694,29.354012184143066,30.17329216003418,30.0,no,no,no,no,si,2023-07-17
2023-07-18T16:00:00.000000000,23472,WBGT,23.88819694519043,25.76860809326172,29.7968786239624,30.33560214996338,31.133190155029297,30.0,no,no,no,si,si,2023-07-18
2023-07-18T16:00:00.000000000,23472,UTCI,34.03019714355469,35.73688507080078,44.69691867828369,45.28666603088379,46.08292007446289,46.0,no,no,no,no,si,2023-07-18
2023-07-18T16:00:00.000000000,23472,Lethal Heat Stress Index,23.981258392333984,25.636634826660156,28.837665653228758,29.773191223144533,30.483884811401367,27.0,no,no,si,si,si,2023-07-18
2023-07-18T16:00:00.000000000,23472,Humidex,35.54045104980469,38.58184814453125,46.37408008575439,47.32589050292969,48.85659408569336,45.0,no,no,si,si,si,2023-07-18
2023-07-18T16:00:00.000000000,23472,Heat Index,34.039676666259766,34.4534912109375,43.19728775024414,44.12103675842285,45.65134811401367,40.6,no,no,si,si,si,2023-07-18
2023-07-18T15:00:00.000000000,23471,WBGT,24.332963943481445,25.921466827392578,29.954139995574952,30.428943977355956,31.337316513061523,30.0,no,no,no,si,si,2023-07-18
2023-07-18T15:00:00.000000000,23471,Lethal Heat Stress Index,24.30963706970215,25.80229949951172,28.812372493743897,29.41356924057007,30.718952178955078,27.0,no,no,si,si,si,2023-07-18
2023-07-18T15:00:00.000000000,23471,UTCI,34.90339279174805,36.761619567871094,45.1104133605957,45.683546752929686,46.66127395629883,46.0,no,no,no,no,si,2023-07-18
2023-07-18T15:00:00.000000000,23471,Heat Index,34.66328048706055,35.12163162231445,43.59092426300049,44.495571823120116,46.35829544067383,40.6,no,no,si,si,si,2023-07-18
2023-07-18T14:00:00.000000000,23470,WBGT,24.626489639282227,26.185935974121094,29.806838607788087,30.215167236328124,31.102039337158203,30.0,no,no,no,si,si,2023-07-18
2023-07-18T14:00:00.000000000,23470,UTCI,35.42149353027344,37.217124938964844,44.75906600952148,45.39278602600098,46.45408630371094,46.0,no,no,no,no,si,2023-07-18
2023-07-18T14:00:00.000000000,23470,Lethal Heat Stress Index,24.5614013671875,25.897645950317383,28.73195962905884,29.20877088546753,30.38631248474121,27.0,no,no,si,si,si,2023-07-18
2023-07-18T14:00:00.000000000,23470,Humidex,36.83778381347656,39.39385223388672,46.37569541931152,47.17553073883057,48.83514404296875,45.0,no,no,si,si,si,2023-07-18
2023-07-18T14:00:00.000000000,23470,Heat Index,34.72236633300781,35.523719787597656,43.214802742004395,44.048859748840336,45.77535629272461,40.6,no,no,si,si,si,2023-07-18
2023-07-18T15:00:00.000000000,23471,Humidex,36.348731994628906,38.908775329589844,46.70096397399902,47.59358283996582,49.36301803588867,45.0,no,no,si,si,si,2023-07-18
2023-07-19T14:00:00.000000000,23476,WBGT,23.903841018676758,26.07693099975586,29.66116609573364,30.078763961791992,30.556419372558594,30.0,no,no,no,si,si,2023-07-19
2023-07-19T15:00:00.000000000,23477,WBGT,22.86374855041504,24.771621704101562,28.766339588165284,29.52483238220215,30.446531295776367,30.0,no,no,no,no,si,2023-07-19
2023-07-19T15:00:00.000000000,23477,UTCI,32.843379974365234,35.06816864013672,44.436673927307126,45.166323051452636,46.52305603027344,46.0,no,no,no,no,si,2023-07-19
2023-07-19T15:00:00.000000000,23477,Lethal Heat Stress Index,22.998506546020508,24.80521583557129,27.586652088165284,28.143368377685547,28.944364547729492,27.0,no,no,si,si,si,2023-07-19
2023-07-19T15:00:00.000000000,23477,Humidex,33.72623062133789,36.75184631347656,44.63629074096679,45.98607433319092,47.80809783935547,45.0,no,no,no,si,si,2023-07-19
2023-07-19T15:00:00.000000000,23477,Heat Index,32.79447555541992,33.09992980957031,41.71185932159424,42.94773403167725,44.792903900146484,40.6,no,no,si,si,si,2023-07-19
2023-07-19T14:00:00.000000000,23476,UTCI,34.9025764465332,37.2450065612793,45.357662963867185,46.129793128967286,47.21546936035156,46.0,no,no,no,si,si,2023-07-19
2023-07-19T13:00:00.000000000,23475,Heat Index,34.90616989135742,35.990211486816406,43.45293636322021,44.22218860626221,48.145225524902344,40.6,no,no,si,si,si,2023-07-19
2023-07-19T14:00:00.000000000,23476,Humidex,35.6909294128418,39.20032501220703,46.24339637756348,47.061246719360355,48.00391387939453,45.0,no,no,si,si,si,2023-07-19
2023-07-19T14:00:00.000000000,23476,Heat Index,34.55221939086914,35.39277648925781,43.20767478942871,44.02673324584961,44.984825134277344,40.6,no,no,si,si,si,2023-07-19
2023-07-19T13:00:00.000000000,23475,WBGT,24.23050308227539,26.402355194091797,29.841980266571046,30.2667173576355,30.919513702392578,30.0,no,no,no,si,si,2023-07-19
2023-07-19T13:00:00.000000000,23475,UTCI,35.20749282836914,37.635597229003906,45.118926239013675,45.81363842010498,47.24183654785156,46.0,no,no,no,no,si,2023-07-19
2023-07-19T13:00:00.000000000,23475,Lethal Heat Stress Index,24.076345443725586,26.070537567138672,28.534989643096925,29.075053520202637,29.94596290588379,27.0,no,no,si,si,si,2023-07-19
2023-07-19T13:00:00.000000000,23475,Humidex,36.239688873291016,39.77867126464844,46.52026138305664,47.301386489868165,48.528076171875,45.0,no,no,si,si,si,2023-07-19
2023-07-19T14:00:00.000000000,23476,Lethal Heat Stress Index,23.71164321899414,25.642181396484375,28.233986473083494,28.73569526672363,29.360319137573242,27.0,no,no,si,si,si,2023-07-19
2023-08-22T14:00:00.000000000,23680,WBGT,24.84633445739746,26.725360870361328,29.115659713745117,29.515709590911865,30.17792320251465,30.0,no,no,no,no,si,2023-08-22
2023-08-22T15:00:00.000000000,23681,WBGT,24.662094116210938,26.718704223632812,29.01578483581543,29.364754333496094,30.069664001464844,30.0,no,no,no,no,si,2023-08-22
2023-08-22T15:00:00.000000000,23681,UTCI,35.887184143066406,39.12994384765625,44.1260950088501,44.98931552886963,46.241920471191406,46.0,no,no,no,no,si,2023-08-22
2023-08-22T15:00:00.000000000,23681,Lethal Heat Stress Index,24.440574645996094,26.195049285888672,27.61624917984009,27.898501510620118,28.666345596313477,27.0,no,no,si,si,si,2023-08-22
2023-08-22T15:00:00.000000000,23681,Humidex,36.89759063720703,40.414581298828125,44.99515781402588,45.692988052368165,47.128658294677734,45.0,no,no,no,si,si,2023-08-22
2023-08-22T15:00:00.000000000,23681,Heat Index,34.828575134277344,36.92327117919922,41.95926342010498,42.72251056671143,44.135047912597656,40.6,no,no,si,si,si,2023-08-22
2023-08-22T14:00:00.000000000,23680,UTCI,36.18272018432617,39.26158142089844,44.17511615753174,45.08943798065186,46.510128021240234,46.0,no,no,no,no,si,2023-08-22
2023-08-22T13:00:00.000000000,23679,WBGT,24.75110626220703,26.597599029541016,28.96167163848877,29.347232933044435,30.084077835083008,30.0,no,no,no,no,si,2023-08-22
2023-08-22T14:00:00.000000000,23680,Humidex,37.2141227722168,40.45154571533203,45.17872295379639,45.96458026885986,47.30805587768555,45.0,no,no,si,si,si,2023-08-22
2023-08-22T14:00:00.000000000,23680,Heat Index,34.9737548828125,37.04117965698242,42.12363834381103,42.94335983276367,44.3026123046875,40.6,no,no,si,si,si,2023-08-22
2023-08-22T13:00:00.000000000,23679,UTCI,35.947540283203125,38.934444427490234,43.67833957672119,44.66439025878906,46.133480072021484,46.0,no,no,no,no,si,2023-08-22
2023-08-22T13:00:00.000000000,23679,Lethal Heat Stress Index,24.573078155517578,26.180265426635742,27.707090187072755,28.09581937789917,28.62481689453125,27.0,no,no,si,si,si,2023-08-22
2023-08-22T13:00:00.000000000,23679,Humidex,37.014408111572266,40.18392562866211,44.829149818420404,45.6022925567627,47.07963562011719,45.0,no,no,no,si,si,2023-08-22
2023-08-22T13:00:00.000000000,23679,Heat Index,34.72643280029297,36.70375061035156,41.719201469421385,42.57030704498291,44.05887222290039,40.6,no,no,si,si,si,2023-08-22
2023-08-22T14:00:00.000000000,23680,Lethal Heat Stress Index,24.608400344848633,26.264307022094727,27.705570697784424,28.03193853378296,28.913375854492188,27.0,no,no,si,si,si,2023-08-22
2023-08-23T15:00:00.000000000,23687,WBGT,24.583066940307617,26.740720748901367,29.243653297424316,29.537680130004883,30.138362884521484,30.0,no,no,no,no,si,2023-08-23
2023-08-23T15:00:00.000000000,23687,UTCI,36.108543395996094,39.6157341003418,45.08988609313965,45.655004539489745,46.7657356262207,46.0,no,no,no,no,si,2023-08-23
2023-08-23T15:00:00.000000000,23687,Lethal Heat Stress Index,24.23921012878418,26.015453338623047,27.669022941589354,27.980852813720702,28.446840286254883,27.0,no,no,si,si,si,2023-08-23
2023-08-23T15:00:00.000000000,23687,Heat Index,35.01609420776367,37.20536804199219,42.5692081451416,43.08782199859619,44.30488586425781,40.6,no,no,si,si,si,2023-08-23
2023-08-23T14:00:00.000000000,23686,WBGT,24.837549209594727,26.848697662353516,29.386561107635494,29.74751600265503,30.400714874267578,30.0,no,no,no,no,si,2023-08-23
2023-08-23T14:00:00.000000000,23686,UTCI,36.540863037109375,39.978485107421875,45.106814002990724,45.7153178024292,46.78143310546875,46.0,no,no,no,no,si,2023-08-23
2023-08-23T14:00:00.000000000,23686,Lethal Heat Stress Index,24.45707893371582,26.165285110473633,27.785707569122316,28.074929656982423,28.513330459594727,27.0,no,no,si,si,si,2023-08-23
2023-08-23T15:00:00.000000000,23687,Humidex,36.85367202758789,40.567344665527344,45.524398231506346,46.05731620788574,47.29447555541992,45.0,no,no,si,si,si,2023-08-23
2023-08-23T14:00:00.000000000,23686,Heat Index,35.309688568115234,37.54429626464844,42.79282360076904,43.50188968658448,44.76531219482422,40.6,no,no,si,si,si,2023-08-23
2023-08-23T13:00:00.000000000,23685,WBGT,24.843441009521484,26.791942596435547,29.280894660949706,29.704560813903807,30.454383850097656,30.0,no,no,no,no,si,2023-08-23
2023-08-23T13:00:00.000000000,23685,UTCI,36.43635940551758,39.75038146972656,44.625090980529784,45.24329509735107,46.431705474853516,46.0,no,no,no,no,si,2023-08-23
2023-08-23T13:00:00.000000000,23685,Lethal Heat Stress Index,24.51998519897461,26.185272216796875,27.84000358581543,28.223165016174317,28.962696075439453,27.0,no,no,si,si,si,2023-08-23
2023-08-23T13:00:00.000000000,23685,Humidex,37.27444839477539,40.636505126953125,45.522511100769044,46.287761726379394,47.69721984863281,45.0,no,no,si,si,si,2023-08-23
2023-08-23T13:00:00.000000000,23685,Heat Index,35.20311737060547,37.38251876831055,42.50308361053467,43.24023952484131,44.66581726074219,40.6,no,no,si,si,si,2023-08-23
2023-08-23T14:00:00.000000000,23686,Humidex,37.300498962402344,40.783390045166016,45.77619590759277,46.46937969207764,47.771522521972656,45.0,no,no,si,si,si,2023-08-23
2023-08-24T15:00:00.000000000,23693,Lethal Heat Stress Index,24.336843490600586,25.97018051147461,28.477583122253417,29.151491699218752,30.274513244628906,27.0,no,no,si,si,si,2023-08-24
2023-08-24T15:00:00.000000000,23693,Humidex,36.77033996582031,40.27014923095703,46.308254432678225,47.05703834533691,48.507965087890625,45.0,no,no,si,si,si,2023-08-24
2023-08-24T15:00:00.000000000,23693,Heat Index,35.11458969116211,36.71510314941406,43.19173126220703,43.899732398986814,45.419677734375,40.6,no,no,si,si,si,2023-08-24
2023-08-24T14:00:00.000000000,23692,WBGT,24.88587760925293,26.733463287353516,29.913658237457273,30.3111279296875,31.459518432617188,30.0,no,no,no,si,si,2023-08-24
2023-08-24T14:00:00.000000000,23692,UTCI,36.08679962158203,38.99359893798828,44.78894691467285,45.349835815429685,46.2571907043457,46.0,no,no,no,no,si,2023-08-24
2023-08-24T14:00:00.000000000,23692,Lethal Heat Stress Index,24.68626594543457,26.251480102539062,28.664205741882324,29.152391452789306,30.457304000854492,27.0,no,no,si,si,si,2023-08-24
2023-08-24T13:00:00.000000000,23691,UTCI,35.94639587402344,38.825584411621094,44.13637580871582,44.737198219299316,46.173728942871094,46.0,no,no,no,no,si,2023-08-24
2023-08-24T14:00:00.000000000,23692,Heat Index,35.37852478027344,36.86030960083008,43.46715755462647,44.20335693359375,46.49247741699219,40.6,no,no,si,si,si,2023-08-24
2023-08-24T13:00:00.000000000,23691,WBGT,24.988651275634766,26.75536346435547,29.880817794799803,30.312188301086426,31.086700439453125,30.0,no,no,no,si,si,2023-08-24
2023-08-24T13:00:00.000000000,23691,Lethal Heat Stress Index,24.887577056884766,26.462890625,28.838748741149903,29.30077302932739,30.196338653564453,27.0,no,no,si,si,si,2023-08-24
2023-08-24T13:00:00.000000000,23691,Humidex,37.4631462097168,40.453643798828125,46.46902999877929,47.29026374816895,48.77174377441406,45.0,no,no,si,si,si,2023-08-24
2023-08-24T13:00:00.000000000,23691,Heat Index,35.28435516357422,36.85125732421875,43.24571838378906,44.064367103576664,45.6351203918457,40.6,no,no,si,si,si,2023-08-24
2023-08-24T15:00:00.000000000,23693,UTCI,35.746421813964844,38.88951110839844,44.772474670410155,45.33668380737305,46.007747650146484,46.0,no,no,no,no,si,2023-08-24
2023-08-24T14:00:00.000000000,23692,Humidex,37.33741760253906,40.48584747314453,46.58875331878662,47.361384811401365,49.53014373779297,45.0,no,no,si,si,si,2023-08-24
2023-08-24T15:00:00.000000000,23693,WBGT,24.546634674072266,26.634323120117188,29.761272716522218,30.174917812347413,30.923343658447266,30.0,no,no,no,si,si,2023-08-24
